{"cam_rmin":1,"cam_rmax":10,"cam_incmin":0.7856757869541899,"cam_incmax":0.8117261175282332,"cam_azimin":1.5374753309166493,"cam_azimax":1.2490457723982544,"numberOfRenders":10,"numberOfRealImages":0,"train_test_split":0.8}